序号,名称,介绍,招生简章
1,北京大学,https://gaokao.chsi.com.cn/sch/schoolInfo--schId-1.dhtml,https://gaokao.chsi.com.cn/zsgs/zhangcheng/listZszc--schId-1.dhtml
2,中国人民大学,https://gaokao.chsi.com.cn/sch/schoolInfo--schId-2.dhtml,https://gaokao.chsi.com.cn/zsgs/zhangcheng/listZszc--schId-2.dhtml
3,清华大学,https://gaokao.chsi.com.cn/sch/schoolInfo--schId-3.dhtml,https://gaokao.chsi.com.cn/zsgs/zhangcheng/listZszc--schId-3.dhtml
4,北京交通大学,https://gaokao.chsi.com.cn/sch/schoolInfo--schId-4.dhtml,https://gaokao.chsi.com.cn/zsgs/zhangcheng/listZszc--schId-4.dhtml
5,北京工业大学,https://gaokao.chsi.com.cn/sch/schoolInfo--schId-5.dhtml,https://gaokao.chsi.com.cn/zsgs/zhangcheng/listZszc--schId-5.dhtml
6,北京航空航天大学,https://gaokao.chsi.com.cn/sch/schoolInfo--schId-6.dhtml,https://gaokao.chsi.com.cn/zsgs/zhangcheng/listZszc--schId-6.dhtml
7,北京理工大学,https://gaokao.chsi.com.cn/sch/schoolInfo--schId-7.dhtml,https://gaokao.chsi.com.cn/zsgs/zhangcheng/listZszc--schId-7.dhtml
8,北京科技大学,https://gaokao.chsi.com.cn/sch/schoolInfo--schId-8.dhtml,https://gaokao.chsi.com.cn/zsgs/zhangcheng/listZszc--schId-8.dhtml
9,北方工业大学,https://gaokao.chsi.com.cn/sch/schoolInfo--schId-9.dhtml,https://gaokao.chsi.com.cn/zsgs/zhangcheng/listZszc--schId-9.dhtml
10,北京化工大学,https://gaokao.chsi.com.cn/sch/schoolInfo--schId-10.dhtml,https://gaokao.chsi.com.cn/zsgs/zhangcheng/listZszc--schId-10.dhtml
11,北京工商大学,https://gaokao.chsi.com.cn/sch/schoolInfo--schId-11.dhtml,https://gaokao.chsi.com.cn/zsgs/zhangcheng/listZszc--schId-11.dhtml
12,北京服装学院,https://gaokao.chsi.com.cn/sch/schoolInfo--schId-12.dhtml,https://gaokao.chsi.com.cn/zsgs/zhangcheng/listZszc--schId-12.dhtml
13,北京邮电大学,https://gaokao.chsi.com.cn/sch/schoolInfo--schId-13.dhtml,https://gaokao.chsi.com.cn/zsgs/zhangcheng/listZszc--schId-13.dhtml
14,北京印刷学院,https://gaokao.chsi.com.cn/sch/schoolInfo--schId-14.dhtml,https://gaokao.chsi.com.cn/zsgs/zhangcheng/listZszc--schId-14.dhtml
15,北京建筑大学,https://gaokao.chsi.com.cn/sch/schoolInfo--schId-15.dhtml,https://gaokao.chsi.com.cn/zsgs/zhangcheng/listZszc--schId-15.dhtml
16,北京石油化工学院,https://gaokao.chsi.com.cn/sch/schoolInfo--schId-16.dhtml,https://gaokao.chsi.com.cn/zsgs/zhangcheng/listZszc--schId-16.dhtml
17,北京电子科技学院,https://gaokao.chsi.com.cn/sch/schoolInfo--schId-17.dhtml,https://gaokao.chsi.com.cn/zsgs/zhangcheng/listZszc--schId-17.dhtml
18,中国农业大学,https://gaokao.chsi.com.cn/sch/schoolInfo--schId-18.dhtml,https://gaokao.chsi.com.cn/zsgs/zhangcheng/listZszc--schId-18.dhtml
19,北京农学院,https://gaokao.chsi.com.cn/sch/schoolInfo--schId-19.dhtml,https://gaokao.chsi.com.cn/zsgs/zhangcheng/listZszc--schId-19.dhtml
20,北京林业大学,https://gaokao.chsi.com.cn/sch/schoolInfo--schId-20.dhtml,https://gaokao.chsi.com.cn/zsgs/zhangcheng/listZszc--schId-20.dhtml
21,北京协和医学院,https://gaokao.chsi.com.cn/sch/schoolInfo--schId-21.dhtml,https://gaokao.chsi.com.cn/zsgs/zhangcheng/listZszc--schId-21.dhtml
22,首都医科大学,https://gaokao.chsi.com.cn/sch/schoolInfo--schId-22.dhtml,https://gaokao.chsi.com.cn/zsgs/zhangcheng/listZszc--schId-22.dhtml
23,北京中医药大学,https://gaokao.chsi.com.cn/sch/schoolInfo--schId-23.dhtml,https://gaokao.chsi.com.cn/zsgs/zhangcheng/listZszc--schId-23.dhtml
24,北京师范大学,https://gaokao.chsi.com.cn/sch/schoolInfo--schId-24.dhtml,https://gaokao.chsi.com.cn/zsgs/zhangcheng/listZszc--schId-24.dhtml
25,首都师范大学,https://gaokao.chsi.com.cn/sch/schoolInfo--schId-25.dhtml,https://gaokao.chsi.com.cn/zsgs/zhangcheng/listZszc--schId-25.dhtml
26,首都体育学院,https://gaokao.chsi.com.cn/sch/schoolInfo--schId-26.dhtml,https://gaokao.chsi.com.cn/zsgs/zhangcheng/listZszc--schId-26.dhtml
27,北京外国语大学,https://gaokao.chsi.com.cn/sch/schoolInfo--schId-27.dhtml,https://gaokao.chsi.com.cn/zsgs/zhangcheng/listZszc--schId-27.dhtml
28,北京第二外国语学院,https://gaokao.chsi.com.cn/sch/schoolInfo--schId-28.dhtml,https://gaokao.chsi.com.cn/zsgs/zhangcheng/listZszc--schId-28.dhtml
29,北京语言大学,https://gaokao.chsi.com.cn/sch/schoolInfo--schId-29.dhtml,https://gaokao.chsi.com.cn/zsgs/zhangcheng/listZszc--schId-29.dhtml
30,中国传媒大学,https://gaokao.chsi.com.cn/sch/schoolInfo--schId-30.dhtml,https://gaokao.chsi.com.cn/zsgs/zhangcheng/listZszc--schId-30.dhtml
31,中央财经大学,https://gaokao.chsi.com.cn/sch/schoolInfo--schId-31.dhtml,https://gaokao.chsi.com.cn/zsgs/zhangcheng/listZszc--schId-31.dhtml
32,对外经济贸易大学,https://gaokao.chsi.com.cn/sch/schoolInfo--schId-32.dhtml,https://gaokao.chsi.com.cn/zsgs/zhangcheng/listZszc--schId-32.dhtml
33,北京物资学院,https://gaokao.chsi.com.cn/sch/schoolInfo--schId-33.dhtml,https://gaokao.chsi.com.cn/zsgs/zhangcheng/listZszc--schId-33.dhtml
34,首都经济贸易大学,https://gaokao.chsi.com.cn/sch/schoolInfo--schId-34.dhtml,https://gaokao.chsi.com.cn/zsgs/zhangcheng/listZszc--schId-34.dhtml
35,中国消防救援学院,https://gaokao.chsi.com.cn/sch/schoolInfo--schId-2347709988.dhtml,https://gaokao.chsi.com.cn/zsgs/zhangcheng/listZszc--schId-2347709988.dhtml
36,外交学院,https://gaokao.chsi.com.cn/sch/schoolInfo--schId-35.dhtml,https://gaokao.chsi.com.cn/zsgs/zhangcheng/listZszc--schId-35.dhtml
37,中国人民公安大学,https://gaokao.chsi.com.cn/sch/schoolInfo--schId-36.dhtml,https://gaokao.chsi.com.cn/zsgs/zhangcheng/listZszc--schId-36.dhtml
38,国际关系学院,https://gaokao.chsi.com.cn/sch/schoolInfo--schId-37.dhtml,https://gaokao.chsi.com.cn/zsgs/zhangcheng/listZszc--schId-37.dhtml
39,北京体育大学,https://gaokao.chsi.com.cn/sch/schoolInfo--schId-38.dhtml,https://gaokao.chsi.com.cn/zsgs/zhangcheng/listZszc--schId-38.dhtml
40,中央音乐学院,https://gaokao.chsi.com.cn/sch/schoolInfo--schId-39.dhtml,https://gaokao.chsi.com.cn/zsgs/zhangcheng/listZszc--schId-39.dhtml
41,中国音乐学院,https://gaokao.chsi.com.cn/sch/schoolInfo--schId-40.dhtml,https://gaokao.chsi.com.cn/zsgs/zhangcheng/listZszc--schId-40.dhtml
42,中央美术学院,https://gaokao.chsi.com.cn/sch/schoolInfo--schId-41.dhtml,https://gaokao.chsi.com.cn/zsgs/zhangcheng/listZszc--schId-41.dhtml
43,中央戏剧学院,https://gaokao.chsi.com.cn/sch/schoolInfo--schId-42.dhtml,https://gaokao.chsi.com.cn/zsgs/zhangcheng/listZszc--schId-42.dhtml
44,中国戏曲学院,https://gaokao.chsi.com.cn/sch/schoolInfo--schId-43.dhtml,https://gaokao.chsi.com.cn/zsgs/zhangcheng/listZszc--schId-43.dhtml
45,北京电影学院,https://gaokao.chsi.com.cn/sch/schoolInfo--schId-44.dhtml,https://gaokao.chsi.com.cn/zsgs/zhangcheng/listZszc--schId-44.dhtml
46,北京舞蹈学院,https://gaokao.chsi.com.cn/sch/schoolInfo--schId-45.dhtml,https://gaokao.chsi.com.cn/zsgs/zhangcheng/listZszc--schId-45.dhtml
47,中央民族大学,https://gaokao.chsi.com.cn/sch/schoolInfo--schId-46.dhtml,https://gaokao.chsi.com.cn/zsgs/zhangcheng/listZszc--schId-46.dhtml
48,中国政法大学,https://gaokao.chsi.com.cn/sch/schoolInfo--schId-47.dhtml,https://gaokao.chsi.com.cn/zsgs/zhangcheng/listZszc--schId-47.dhtml
49,华北电力大学(北京),https://gaokao.chsi.com.cn/sch/schoolInfo--schId-91460.dhtml,https://gaokao.chsi.com.cn/zsgs/zhangcheng/listZszc--schId-91460.dhtml
50,北京工业职业技术学院,https://gaokao.chsi.com.cn/sch/schoolInfo--schId-638.dhtml,https://gaokao.chsi.com.cn/zsgs/zhangcheng/listZszc--schId-638.dhtml
51,北京信息职业技术学院,https://gaokao.chsi.com.cn/sch/schoolInfo--schId-640.dhtml,https://gaokao.chsi.com.cn/zsgs/zhangcheng/listZszc--schId-640.dhtml
52,北京电子科技职业学院,https://gaokao.chsi.com.cn/sch/schoolInfo--schId-641.dhtml,https://gaokao.chsi.com.cn/zsgs/zhangcheng/listZszc--schId-641.dhtml
53,北京京北职业技术学院,https://gaokao.chsi.com.cn/sch/schoolInfo--schId-725.dhtml,https://gaokao.chsi.com.cn/zsgs/zhangcheng/listZszc--schId-725.dhtml
54,中华女子学院,https://gaokao.chsi.com.cn/sch/schoolInfo--schId-740.dhtml,https://gaokao.chsi.com.cn/zsgs/zhangcheng/listZszc--schId-740.dhtml
55,北京信息科技大学,https://gaokao.chsi.com.cn/sch/schoolInfo--schId-742.dhtml,https://gaokao.chsi.com.cn/zsgs/zhangcheng/listZszc--schId-742.dhtml
56,中国矿业大学(北京),https://gaokao.chsi.com.cn/sch/schoolInfo--schId-27213.dhtml,https://gaokao.chsi.com.cn/zsgs/zhangcheng/listZszc--schId-27213.dhtml
57,中国石油大学(北京),https://gaokao.chsi.com.cn/sch/schoolInfo--schId-798.dhtml,https://gaokao.chsi.com.cn/zsgs/zhangcheng/listZszc--schId-798.dhtml
58,中国地质大学(北京),https://gaokao.chsi.com.cn/sch/schoolInfo--schId-27214.dhtml,https://gaokao.chsi.com.cn/zsgs/zhangcheng/listZszc--schId-27214.dhtml
59,北京联合大学,https://gaokao.chsi.com.cn/sch/schoolInfo--schId-799.dhtml,https://gaokao.chsi.com.cn/zsgs/zhangcheng/listZszc--schId-799.dhtml
60,北京城市学院,https://gaokao.chsi.com.cn/sch/schoolInfo--schId-800.dhtml,https://gaokao.chsi.com.cn/zsgs/zhangcheng/listZszc--schId-800.dhtml
61,北京青年政治学院,https://gaokao.chsi.com.cn/sch/schoolInfo--schId-867.dhtml,https://gaokao.chsi.com.cn/zsgs/zhangcheng/listZszc--schId-867.dhtml
62,首钢工学院,https://gaokao.chsi.com.cn/sch/schoolInfo--schId-930.dhtml,https://gaokao.chsi.com.cn/zsgs/zhangcheng/listZszc--schId-930.dhtml
63,北京农业职业学院,https://gaokao.chsi.com.cn/sch/schoolInfo--schId-1064.dhtml,https://gaokao.chsi.com.cn/zsgs/zhangcheng/listZszc--schId-1064.dhtml
64,北京政法职业学院,https://gaokao.chsi.com.cn/sch/schoolInfo--schId-1067.dhtml,https://gaokao.chsi.com.cn/zsgs/zhangcheng/listZszc--schId-1067.dhtml
65,中国劳动关系学院,https://gaokao.chsi.com.cn/sch/schoolInfo--schId-1068.dhtml,https://gaokao.chsi.com.cn/zsgs/zhangcheng/listZszc--schId-1068.dhtml
66,北京财贸职业学院,https://gaokao.chsi.com.cn/sch/schoolInfo--schId-1095.dhtml,https://gaokao.chsi.com.cn/zsgs/zhangcheng/listZszc--schId-1095.dhtml
67,北京北大方正软件职业技术学院,https://gaokao.chsi.com.cn/sch/schoolInfo--schId-1098.dhtml,https://gaokao.chsi.com.cn/zsgs/zhangcheng/listZszc--schId-1098.dhtml
68,北京经贸职业学院,https://gaokao.chsi.com.cn/sch/schoolInfo--schId-1099.dhtml,https://gaokao.chsi.com.cn/zsgs/zhangcheng/listZszc--schId-1099.dhtml
69,北京经济技术职业学院,https://gaokao.chsi.com.cn/sch/schoolInfo--schId-1100.dhtml,https://gaokao.chsi.com.cn/zsgs/zhangcheng/listZszc--schId-1100.dhtml
70,北京戏曲艺术职业学院,https://gaokao.chsi.com.cn/sch/schoolInfo--schId-1101.dhtml,https://gaokao.chsi.com.cn/zsgs/zhangcheng/listZszc--schId-1101.dhtml
71,北京汇佳职业学院,https://gaokao.chsi.com.cn/sch/schoolInfo--schId-1102.dhtml,https://gaokao.chsi.com.cn/zsgs/zhangcheng/listZszc--schId-1102.dhtml
72,北京科技经营管理学院,https://gaokao.chsi.com.cn/sch/schoolInfo--schId-1215.dhtml,https://gaokao.chsi.com.cn/zsgs/zhangcheng/listZszc--schId-1215.dhtml
73,首都师范大学科德学院,https://gaokao.chsi.com.cn/sch/schoolInfo--schId-1872.dhtml,https://gaokao.chsi.com.cn/zsgs/zhangcheng/listZszc--schId-1872.dhtml
74,北京工商大学嘉华学院,https://gaokao.chsi.com.cn/sch/schoolInfo--schId-1873.dhtml,https://gaokao.chsi.com.cn/zsgs/zhangcheng/listZszc--schId-1873.dhtml
75,北京科技职业学院,https://gaokao.chsi.com.cn/sch/schoolInfo--schId-1943.dhtml,https://gaokao.chsi.com.cn/zsgs/zhangcheng/listZszc--schId-1943.dhtml
76,北京培黎职业学院,https://gaokao.chsi.com.cn/sch/schoolInfo--schId-1967.dhtml,https://gaokao.chsi.com.cn/zsgs/zhangcheng/listZszc--schId-1967.dhtml
77,北京邮电大学世纪学院,https://gaokao.chsi.com.cn/sch/schoolInfo--schId-403209.dhtml,https://gaokao.chsi.com.cn/zsgs/zhangcheng/listZszc--schId-403209.dhtml
78,北京工业大学耿丹学院,https://gaokao.chsi.com.cn/sch/schoolInfo--schId-1135332.dhtml,https://gaokao.chsi.com.cn/zsgs/zhangcheng/listZszc--schId-1135332.dhtml
79,北京交通职业技术学院,https://gaokao.chsi.com.cn/sch/schoolInfo--schId-726.dhtml,https://gaokao.chsi.com.cn/zsgs/zhangcheng/listZszc--schId-726.dhtml
80,北京警察学院,https://gaokao.chsi.com.cn/sch/schoolInfo--schId-361153734.dhtml,https://gaokao.chsi.com.cn/zsgs/zhangcheng/listZszc--schId-361153734.dhtml
81,北京经济管理职业学院,https://gaokao.chsi.com.cn/sch/schoolInfo--schId-1065.dhtml,https://gaokao.chsi.com.cn/zsgs/zhangcheng/listZszc--schId-1065.dhtml
82,北京劳动保障职业学院,https://gaokao.chsi.com.cn/sch/schoolInfo--schId-4291702.dhtml,https://gaokao.chsi.com.cn/zsgs/zhangcheng/listZszc--schId-4291702.dhtml
83,北京社会管理职业学院,https://gaokao.chsi.com.cn/sch/schoolInfo--schId-5216757.dhtml,https://gaokao.chsi.com.cn/zsgs/zhangcheng/listZszc--schId-5216757.dhtml
84,北京艺术传媒职业学院,https://gaokao.chsi.com.cn/sch/schoolInfo--schId-5350646.dhtml,https://gaokao.chsi.com.cn/zsgs/zhangcheng/listZszc--schId-5350646.dhtml
85,北京第二外国语学院中瑞酒店管理学院,https://gaokao.chsi.com.cn/sch/schoolInfo--schId-15323559.dhtml,https://gaokao.chsi.com.cn/zsgs/zhangcheng/listZszc--schId-15323559.dhtml
86,北京体育职业学院,https://gaokao.chsi.com.cn/sch/schoolInfo--schId-38698136.dhtml,https://gaokao.chsi.com.cn/zsgs/zhangcheng/listZszc--schId-38698136.dhtml
87,北京交通运输职业学院,https://gaokao.chsi.com.cn/sch/schoolInfo--schId-57316996.dhtml,https://gaokao.chsi.com.cn/zsgs/zhangcheng/listZszc--schId-57316996.dhtml
88,北京卫生职业学院,https://gaokao.chsi.com.cn/sch/schoolInfo--schId-358682152.dhtml,https://gaokao.chsi.com.cn/zsgs/zhangcheng/listZszc--schId-358682152.dhtml
89,中国科学院大学,https://gaokao.chsi.com.cn/sch/schoolInfo--schId-956043210.dhtml,https://gaokao.chsi.com.cn/zsgs/zhangcheng/listZszc--schId-956043210.dhtml
90,北京网络职业学院,https://gaokao.chsi.com.cn/sch/schoolInfo--schId-1672438407.dhtml,https://gaokao.chsi.com.cn/zsgs/zhangcheng/listZszc--schId-1672438407.dhtml
91,中国社会科学院大学,https://gaokao.chsi.com.cn/sch/schoolInfo--schId-1824984166.dhtml,https://gaokao.chsi.com.cn/zsgs/zhangcheng/listZszc--schId-1824984166.dhtml
92,北京大学医学部,https://gaokao.chsi.com.cn/sch/schoolInfo--schId-6405527.dhtml,https://gaokao.chsi.com.cn/zsgs/zhangcheng/listZszc--schId-6405527.dhtml
93,北京邮电大学(宏福校区),https://gaokao.chsi.com.cn/sch/schoolInfo--schId-44999692.dhtml,https://gaokao.chsi.com.cn/zsgs/zhangcheng/listZszc--schId-44999692.dhtml
94,陆军装甲兵学院,https://gaokao.chsi.com.cn/sch/schoolInfo--schId-1980487211.dhtml,https://gaokao.chsi.com.cn/zsgs/zhangcheng/listZszc--schId-1980487211.dhtml
95,陆军防化学院,https://gaokao.chsi.com.cn/sch/schoolInfo--schId-1980488216.dhtml,https://gaokao.chsi.com.cn/zsgs/zhangcheng/listZszc--schId-1980488216.dhtml
96,战略支援部队航天工程大学,https://gaokao.chsi.com.cn/sch/schoolInfo--schId-1980498447.dhtml,https://gaokao.chsi.com.cn/zsgs/zhangcheng/listZszc--schId-1980498447.dhtml
97,武警特种警察学院,https://gaokao.chsi.com.cn/sch/schoolInfo--schId-1980499148.dhtml,https://gaokao.chsi.com.cn/zsgs/zhangcheng/listZszc--schId-1980499148.dhtml
98,南开大学,https://gaokao.chsi.com.cn/sch/schoolInfo--schId-48.dhtml,https://gaokao.chsi.com.cn/zsgs/zhangcheng/listZszc--schId-48.dhtml
99,天津大学,https://gaokao.chsi.com.cn/sch/schoolInfo--schId-49.dhtml,https://gaokao.chsi.com.cn/zsgs/zhangcheng/listZszc--schId-49.dhtml
100,天津科技大学,https://gaokao.chsi.com.cn/sch/schoolInfo--schId-50.dhtml,https://gaokao.chsi.com.cn/zsgs/zhangcheng/listZszc--schId-50.dhtml
101,天津工业大学,https://gaokao.chsi.com.cn/sch/schoolInfo--schId-51.dhtml,https://gaokao.chsi.com.cn/zsgs/zhangcheng/listZszc--schId-51.dhtml
102,中国民航大学,https://gaokao.chsi.com.cn/sch/schoolInfo--schId-52.dhtml,https://gaokao.chsi.com.cn/zsgs/zhangcheng/listZszc--schId-52.dhtml
103,天津理工大学,https://gaokao.chsi.com.cn/sch/schoolInfo--schId-53.dhtml,https://gaokao.chsi.com.cn/zsgs/zhangcheng/listZszc--schId-53.dhtml
104,天津农学院,https://gaokao.chsi.com.cn/sch/schoolInfo--schId-54.dhtml,https://gaokao.chsi.com.cn/zsgs/zhangcheng/listZszc--schId-54.dhtml
105,天津医科大学,https://gaokao.chsi.com.cn/sch/schoolInfo--schId-55.dhtml,https://gaokao.chsi.com.cn/zsgs/zhangcheng/listZszc--schId-55.dhtml
106,天津中医药大学,https://gaokao.chsi.com.cn/sch/schoolInfo--schId-56.dhtml,https://gaokao.chsi.com.cn/zsgs/zhangcheng/listZszc--schId-56.dhtml
107,天津师范大学,https://gaokao.chsi.com.cn/sch/schoolInfo--schId-57.dhtml,https://gaokao.chsi.com.cn/zsgs/zhangcheng/listZszc--schId-57.dhtml
108,天津职业技术师范大学,https://gaokao.chsi.com.cn/sch/schoolInfo--schId-58.dhtml,https://gaokao.chsi.com.cn/zsgs/zhangcheng/listZszc--schId-58.dhtml
109,天津外国语大学,https://gaokao.chsi.com.cn/sch/schoolInfo--schId-59.dhtml,https://gaokao.chsi.com.cn/zsgs/zhangcheng/listZszc--schId-59.dhtml
110,天津商业大学,https://gaokao.chsi.com.cn/sch/schoolInfo--schId-60.dhtml,https://gaokao.chsi.com.cn/zsgs/zhangcheng/listZszc--schId-60.dhtml
111,天津财经大学,https://gaokao.chsi.com.cn/sch/schoolInfo--schId-61.dhtml,https://gaokao.chsi.com.cn/zsgs/zhangcheng/listZszc--schId-61.dhtml
112,天津体育学院,https://gaokao.chsi.com.cn/sch/schoolInfo--schId-62.dhtml,https://gaokao.chsi.com.cn/zsgs/zhangcheng/listZszc--schId-62.dhtml
113,天津音乐学院,https://gaokao.chsi.com.cn/sch/schoolInfo--schId-63.dhtml,https://gaokao.chsi.com.cn/zsgs/zhangcheng/listZszc--schId-63.dhtml
114,天津美术学院,https://gaokao.chsi.com.cn/sch/schoolInfo--schId-64.dhtml,https://gaokao.chsi.com.cn/zsgs/zhangcheng/listZszc--schId-64.dhtml
115,河北工业大学,https://gaokao.chsi.com.cn/sch/schoolInfo--schId-70.dhtml,https://gaokao.chsi.com.cn/zsgs/zhangcheng/listZszc--schId-70.dhtml
116,天津城建大学,https://gaokao.chsi.com.cn/sch/schoolInfo--schId-603.dhtml,https://gaokao.chsi.com.cn/zsgs/zhangcheng/listZszc--schId-603.dhtml
117,天津天狮学院,https://gaokao.chsi.com.cn/sch/schoolInfo--schId-642.dhtml,https://gaokao.chsi.com.cn/zsgs/zhangcheng/listZszc--schId-642.dhtml
118,天津市职业大学,https://gaokao.chsi.com.cn/sch/schoolInfo--schId-687.dhtml,https://gaokao.chsi.com.cn/zsgs/zhangcheng/listZszc--schId-687.dhtml
119,天津医学高等专科学校,https://gaokao.chsi.com.cn/sch/schoolInfo--schId-6242801.dhtml,https://gaokao.chsi.com.cn/zsgs/zhangcheng/listZszc--schId-6242801.dhtml
120,天津中德应用技术大学,https://gaokao.chsi.com.cn/sch/schoolInfo--schId-984.dhtml,https://gaokao.chsi.com.cn/zsgs/zhangcheng/listZszc--schId-984.dhtml
121,天津滨海职业学院,https://gaokao.chsi.com.cn/sch/schoolInfo--schId-1073.dhtml,https://gaokao.chsi.com.cn/zsgs/zhangcheng/listZszc--schId-1073.dhtml
122,天津渤海职业技术学院,https://gaokao.chsi.com.cn/sch/schoolInfo--schId-1202.dhtml,https://gaokao.chsi.com.cn/zsgs/zhangcheng/listZszc--schId-1202.dhtml
123,天津电子信息职业技术学院,https://gaokao.chsi.com.cn/sch/schoolInfo--schId-1203.dhtml,https://gaokao.chsi.com.cn/zsgs/zhangcheng/listZszc--schId-1203.dhtml
124,天津机电职业技术学院,https://gaokao.chsi.com.cn/sch/schoolInfo--schId-1204.dhtml,https://gaokao.chsi.com.cn/zsgs/zhangcheng/listZszc--schId-1204.dhtml
125,天津现代职业技术学院,https://gaokao.chsi.com.cn/sch/schoolInfo--schId-1205.dhtml,https://gaokao.chsi.com.cn/zsgs/zhangcheng/listZszc--schId-1205.dhtml
126,天津公安警官职业学院,https://gaokao.chsi.com.cn/sch/schoolInfo--schId-1206.dhtml,https://gaokao.chsi.com.cn/zsgs/zhangcheng/listZszc--schId-1206.dhtml
127,天津轻工职业技术学院,https://gaokao.chsi.com.cn/sch/schoolInfo--schId-1214.dhtml,https://gaokao.chsi.com.cn/zsgs/zhangcheng/listZszc--schId-1214.dhtml
128,天津商务职业学院,https://gaokao.chsi.com.cn/sch/schoolInfo--schId-1269.dhtml,https://gaokao.chsi.com.cn/zsgs/zhangcheng/listZszc--schId-1269.dhtml
129,天津国土资源和房屋职业学院,https://gaokao.chsi.com.cn/sch/schoolInfo--schId-1284.dhtml,https://gaokao.chsi.com.cn/zsgs/zhangcheng/listZszc--schId-1284.dhtml
130,天津艺术职业学院,https://gaokao.chsi.com.cn/sch/schoolInfo--schId-1355.dhtml,https://gaokao.chsi.com.cn/zsgs/zhangcheng/listZszc--schId-1355.dhtml
131,天津交通职业学院,https://gaokao.chsi.com.cn/sch/schoolInfo--schId-1356.dhtml,https://gaokao.chsi.com.cn/zsgs/zhangcheng/listZszc--schId-1356.dhtml
132,天津外国语大学滨海外事学院,https://gaokao.chsi.com.cn/sch/schoolInfo--schId-1899.dhtml,https://gaokao.chsi.com.cn/zsgs/zhangcheng/listZszc--schId-1899.dhtml
133,天津传媒学院,https://gaokao.chsi.com.cn/sch/schoolInfo--schId-1900.dhtml,https://gaokao.chsi.com.cn/zsgs/zhangcheng/listZszc--schId-1900.dhtml
134,天津商业大学宝德学院,https://gaokao.chsi.com.cn/sch/schoolInfo--schId-1901.dhtml,https://gaokao.chsi.com.cn/zsgs/zhangcheng/listZszc--schId-1901.dhtml
135,天津医科大学临床医学院,https://gaokao.chsi.com.cn/sch/schoolInfo--schId-1902.dhtml,https://gaokao.chsi.com.cn/zsgs/zhangcheng/listZszc--schId-1902.dhtml
136,天津工业职业学院,https://gaokao.chsi.com.cn/sch/schoolInfo--schId-1940.dhtml,https://gaokao.chsi.com.cn/zsgs/zhangcheng/listZszc--schId-1940.dhtml
137,天津石油职业技术学院,https://gaokao.chsi.com.cn/sch/schoolInfo--schId-1941.dhtml,https://gaokao.chsi.com.cn/zsgs/zhangcheng/listZszc--schId-1941.dhtml
138,天津城市职业学院,https://gaokao.chsi.com.cn/sch/schoolInfo--schId-1942.dhtml,https://gaokao.chsi.com.cn/zsgs/zhangcheng/listZszc--schId-1942.dhtml
139,天津铁道职业技术学院,https://gaokao.chsi.com.cn/sch/schoolInfo--schId-403132.dhtml,https://gaokao.chsi.com.cn/zsgs/zhangcheng/listZszc--schId-403132.dhtml
140,天津理工大学中环信息学院,https://gaokao.chsi.com.cn/sch/schoolInfo--schId-404954.dhtml,https://gaokao.chsi.com.cn/zsgs/zhangcheng/listZszc--schId-404954.dhtml
141,北京科技大学天津学院,https://gaokao.chsi.com.cn/sch/schoolInfo--schId-93355.dhtml,https://gaokao.chsi.com.cn/zsgs/zhangcheng/listZszc--schId-93355.dhtml
142,天津工艺美术职业学院,https://gaokao.chsi.com.cn/sch/schoolInfo--schId-6161405.dhtml,https://gaokao.chsi.com.cn/zsgs/zhangcheng/listZszc--schId-6161405.dhtml
143,天津城市建设管理职业技术学院,https://gaokao.chsi.com.cn/sch/schoolInfo--schId-6241649.dhtml,https://gaokao.chsi.com.cn/zsgs/zhangcheng/listZszc--schId-6241649.dhtml
144,天津生物工程职业技术学院,https://gaokao.chsi.com.cn/sch/schoolInfo--schId-5038392.dhtml,https://gaokao.chsi.com.cn/zsgs/zhangcheng/listZszc--schId-5038392.dhtml
145,天津海运职业学院,https://gaokao.chsi.com.cn/sch/schoolInfo--schId-485362.dhtml,https://gaokao.chsi.com.cn/zsgs/zhangcheng/listZszc--schId-485362.dhtml
146,天津仁爱学院,https://gaokao.chsi.com.cn/sch/schoolInfo--schId-481255.dhtml,https://gaokao.chsi.com.cn/zsgs/zhangcheng/listZszc--schId-481255.dhtml
147,天津财经大学珠江学院,https://gaokao.chsi.com.cn/sch/schoolInfo--schId-1369415.dhtml,https://gaokao.chsi.com.cn/zsgs/zhangcheng/listZszc--schId-1369415.dhtml
148,天津体育职业学院,https://gaokao.chsi.com.cn/sch/schoolInfo--schId-1821221077.dhtml,https://gaokao.chsi.com.cn/zsgs/zhangcheng/listZszc--schId-1821221077.dhtml
149,天津滨海汽车工程职业学院,https://gaokao.chsi.com.cn/sch/schoolInfo--schId-1821216896.dhtml,https://gaokao.chsi.com.cn/zsgs/zhangcheng/listZszc--schId-1821216896.dhtml
150,陆军军事交通学院,https://gaokao.chsi.com.cn/sch/schoolInfo--schId-1980488764.dhtml,https://gaokao.chsi.com.cn/zsgs/zhangcheng/listZszc--schId-1980488764.dhtml
151,河北大学,https://gaokao.chsi.com.cn/sch/schoolInfo--schId-65.dhtml,https://gaokao.chsi.com.cn/zsgs/zhangcheng/listZszc--schId-65.dhtml
152,河北工程大学,https://gaokao.chsi.com.cn/sch/schoolInfo--schId-66.dhtml,https://gaokao.chsi.com.cn/zsgs/zhangcheng/listZszc--schId-66.dhtml
153,河北地质大学,https://gaokao.chsi.com.cn/sch/schoolInfo--schId-67.dhtml,https://gaokao.chsi.com.cn/zsgs/zhangcheng/listZszc--schId-67.dhtml
154,华北电力大学(保定),https://gaokao.chsi.com.cn/sch/schoolInfo--schId-69.dhtml,https://gaokao.chsi.com.cn/zsgs/zhangcheng/listZszc--schId-69.dhtml
155,华北理工大学,https://gaokao.chsi.com.cn/sch/schoolInfo--schId-71.dhtml,https://gaokao.chsi.com.cn/zsgs/zhangcheng/listZszc--schId-71.dhtml
156,河北科技大学,https://gaokao.chsi.com.cn/sch/schoolInfo--schId-72.dhtml,https://gaokao.chsi.com.cn/zsgs/zhangcheng/listZszc--schId-72.dhtml
157,河北建筑工程学院,https://gaokao.chsi.com.cn/sch/schoolInfo--schId-73.dhtml,https://gaokao.chsi.com.cn/zsgs/zhangcheng/listZszc--schId-73.dhtml
158,河北水利电力学院,https://gaokao.chsi.com.cn/sch/schoolInfo--schId-74.dhtml,https://gaokao.chsi.com.cn/zsgs/zhangcheng/listZszc--schId-74.dhtml
159,河北农业大学,https://gaokao.chsi.com.cn/sch/schoolInfo--schId-75.dhtml,https://gaokao.chsi.com.cn/zsgs/zhangcheng/listZszc--schId-75.dhtml
160,河北医科大学,https://gaokao.chsi.com.cn/sch/schoolInfo--schId-76.dhtml,https://gaokao.chsi.com.cn/zsgs/zhangcheng/listZszc--schId-76.dhtml
161,河北北方学院,https://gaokao.chsi.com.cn/sch/schoolInfo--schId-78.dhtml,https://gaokao.chsi.com.cn/zsgs/zhangcheng/listZszc--schId-78.dhtml
162,承德医学院,https://gaokao.chsi.com.cn/sch/schoolInfo--schId-79.dhtml,https://gaokao.chsi.com.cn/zsgs/zhangcheng/listZszc--schId-79.dhtml
163,河北师范大学,https://gaokao.chsi.com.cn/sch/schoolInfo--schId-80.dhtml,https://gaokao.chsi.com.cn/zsgs/zhangcheng/listZszc--schId-80.dhtml
164,保定学院,https://gaokao.chsi.com.cn/sch/schoolInfo--schId-81.dhtml,https://gaokao.chsi.com.cn/zsgs/zhangcheng/listZszc--schId-81.dhtml
165,河北民族师范学院,https://gaokao.chsi.com.cn/sch/schoolInfo--schId-82.dhtml,https://gaokao.chsi.com.cn/zsgs/zhangcheng/listZszc--schId-82.dhtml
166,唐山师范学院,https://gaokao.chsi.com.cn/sch/schoolInfo--schId-83.dhtml,https://gaokao.chsi.com.cn/zsgs/zhangcheng/listZszc--schId-83.dhtml
167,廊坊师范学院,https://gaokao.chsi.com.cn/sch/schoolInfo--schId-84.dhtml,https://gaokao.chsi.com.cn/zsgs/zhangcheng/listZszc--schId-84.dhtml
168,衡水学院,https://gaokao.chsi.com.cn/sch/schoolInfo--schId-85.dhtml,https://gaokao.chsi.com.cn/zsgs/zhangcheng/listZszc--schId-85.dhtml
169,石家庄学院,https://gaokao.chsi.com.cn/sch/schoolInfo--schId-86.dhtml,https://gaokao.chsi.com.cn/zsgs/zhangcheng/listZszc--schId-86.dhtml
170,邯郸学院,https://gaokao.chsi.com.cn/sch/schoolInfo--schId-87.dhtml,https://gaokao.chsi.com.cn/zsgs/zhangcheng/listZszc--schId-87.dhtml
171,邢台学院,https://gaokao.chsi.com.cn/sch/schoolInfo--schId-88.dhtml,https://gaokao.chsi.com.cn/zsgs/zhangcheng/listZszc--schId-88.dhtml
172,沧州师范学院,https://gaokao.chsi.com.cn/sch/schoolInfo--schId-89.dhtml,https://gaokao.chsi.com.cn/zsgs/zhangcheng/listZszc--schId-89.dhtml
173,石家庄铁道大学,https://gaokao.chsi.com.cn/sch/schoolInfo--schId-90.dhtml,https://gaokao.chsi.com.cn/zsgs/zhangcheng/listZszc--schId-90.dhtml
174,燕山大学,https://gaokao.chsi.com.cn/sch/schoolInfo--schId-176.dhtml,https://gaokao.chsi.com.cn/zsgs/zhangcheng/listZszc--schId-176.dhtml
175,河北科技师范学院,https://gaokao.chsi.com.cn/sch/schoolInfo--schId-604.dhtml,https://gaokao.chsi.com.cn/zsgs/zhangcheng/listZszc--schId-604.dhtml
176,唐山学院,https://gaokao.chsi.com.cn/sch/schoolInfo--schId-688.dhtml,https://gaokao.chsi.com.cn/zsgs/zhangcheng/listZszc--schId-688.dhtml
177,邯郸职业技术学院,https://gaokao.chsi.com.cn/sch/schoolInfo--schId-689.dhtml,https://gaokao.chsi.com.cn/zsgs/zhangcheng/listZszc--schId-689.dhtml
178,华北科技学院,https://gaokao.chsi.com.cn/sch/schoolInfo--schId-730.dhtml,https://gaokao.chsi.com.cn/zsgs/zhangcheng/listZszc--schId-730.dhtml
179,中国人民警察大学,https://gaokao.chsi.com.cn/sch/schoolInfo--schId-731.dhtml,https://gaokao.chsi.com.cn/zsgs/zhangcheng/listZszc--schId-731.dhtml
180,河北体育学院,https://gaokao.chsi.com.cn/sch/schoolInfo--schId-743.dhtml,https://gaokao.chsi.com.cn/zsgs/zhangcheng/listZszc--schId-743.dhtml
181,石家庄职业技术学院,https://gaokao.chsi.com.cn/sch/schoolInfo--schId-744.dhtml,https://gaokao.chsi.com.cn/zsgs/zhangcheng/listZszc--schId-744.dhtml
182,河北金融学院,https://gaokao.chsi.com.cn/sch/schoolInfo--schId-801.dhtml,https://gaokao.chsi.com.cn/zsgs/zhangcheng/listZszc--schId-801.dhtml
183,张家口职业技术学院,https://gaokao.chsi.com.cn/sch/schoolInfo--schId-802.dhtml,https://gaokao.chsi.com.cn/zsgs/zhangcheng/listZszc--schId-802.dhtml
184,北华航天工业学院,https://gaokao.chsi.com.cn/sch/schoolInfo--schId-869.dhtml,https://gaokao.chsi.com.cn/zsgs/zhangcheng/listZszc--schId-869.dhtml
185,防灾科技学院,https://gaokao.chsi.com.cn/sch/schoolInfo--schId-900.dhtml,https://gaokao.chsi.com.cn/zsgs/zhangcheng/listZszc--schId-900.dhtml
186,河北经贸大学,https://gaokao.chsi.com.cn/sch/schoolInfo--schId-931.dhtml,https://gaokao.chsi.com.cn/zsgs/zhangcheng/listZszc--schId-931.dhtml
187,中央司法警官学院,https://gaokao.chsi.com.cn/sch/schoolInfo--schId-944.dhtml,https://gaokao.chsi.com.cn/zsgs/zhangcheng/listZszc--schId-944.dhtml
188,邢台医学高等专科学校,https://gaokao.chsi.com.cn/sch/schoolInfo--schId-1357.dhtml,https://gaokao.chsi.com.cn/zsgs/zhangcheng/listZszc--schId-1357.dhtml
189,河北软件职业技术学院,https://gaokao.chsi.com.cn/sch/schoolInfo--schId-1031.dhtml,https://gaokao.chsi.com.cn/zsgs/zhangcheng/listZszc--schId-1031.dhtml
190,河北建材职业技术学院,https://gaokao.chsi.com.cn/sch/schoolInfo--schId-1042.dhtml,https://gaokao.chsi.com.cn/zsgs/zhangcheng/listZszc--schId-1042.dhtml
191,河北政法职业学院,https://gaokao.chsi.com.cn/sch/schoolInfo--schId-1052.dhtml,https://gaokao.chsi.com.cn/zsgs/zhangcheng/listZszc--schId-1052.dhtml
192,沧州职业技术学院,https://gaokao.chsi.com.cn/sch/schoolInfo--schId-1054.dhtml,https://gaokao.chsi.com.cn/zsgs/zhangcheng/listZszc--schId-1054.dhtml
193,河北能源职业技术学院,https://gaokao.chsi.com.cn/sch/schoolInfo--schId-1055.dhtml,https://gaokao.chsi.com.cn/zsgs/zhangcheng/listZszc--schId-1055.dhtml
194,石家庄铁路职业技术学院,https://gaokao.chsi.com.cn/sch/schoolInfo--schId-1057.dhtml,https://gaokao.chsi.com.cn/zsgs/zhangcheng/listZszc--schId-1057.dhtml
195,保定职业技术学院,https://gaokao.chsi.com.cn/sch/schoolInfo--schId-1087.dhtml,https://gaokao.chsi.com.cn/zsgs/zhangcheng/listZszc--schId-1087.dhtml
196,秦皇岛职业技术学院,https://gaokao.chsi.com.cn/sch/schoolInfo--schId-1254.dhtml,https://gaokao.chsi.com.cn/zsgs/zhangcheng/listZszc--schId-1254.dhtml
197,石家庄工程职业学院,https://gaokao.chsi.com.cn/sch/schoolInfo--schId-1263.dhtml,https://gaokao.chsi.com.cn/zsgs/zhangcheng/listZszc--schId-1263.dhtml
198,石家庄城市经济职业学院,https://gaokao.chsi.com.cn/sch/schoolInfo--schId-1264.dhtml,https://gaokao.chsi.com.cn/zsgs/zhangcheng/listZszc--schId-1264.dhtml
199,河北传媒学院,https://gaokao.chsi.com.cn/sch/schoolInfo--schId-1265.dhtml,https://gaokao.chsi.com.cn/zsgs/zhangcheng/listZszc--schId-1265.dhtml
200,唐山职业技术学院,https://gaokao.chsi.com.cn/sch/schoolInfo--schId-1266.dhtml,https://gaokao.chsi.com.cn/zsgs/zhangcheng/listZszc--schId-1266.dhtml
